-- phpMyAdmin SQL Dump
-- version 4.9.3
-- https://www.phpmyadmin.net/
--
-- Hôte : localhost:8889
-- Généré le :  Dim 13 déc. 2020 à 09:39
-- Version du serveur :  5.7.26
-- Version de PHP :  7.4.2

SET SQL_MODE = "NO_AUTO_VALUE_ON_ZERO";
SET time_zone = "+00:00";

--
-- Base de données :  `sCACO`
--

--
-- Déchargement des données de la table `categorie`
--

INSERT INTO `categorie` (`id`, `title`, `slug`) VALUES
(1, 'Fondamentales', 'fondamentales'),
(2, 'Métiers', 'metiers'),
(3, 'Animation', 'animation'),
(4, 'Management', 'management');

--
-- Déchargement des données de la table `collaborateur`
--

INSERT INTO `collaborateur` (`id`, `matricule`, `nom`, `prenom`, `mission_id`, `rayon_id`, `email`, `picture`, `hash`, `description`, `statut`, `slug`, `mission_cible_id`, `color_id`) VALUES
(1094, 359485, 'LARRALDE', 'DAVID', 1, 21, 'david.larralde@leroymerlin.fr', 'https://i.pinimg.com/originals/40/58/0f/40580f2655bd32d3158f55b74ce82eb1.jpg', '$2y$13$MmDsjNkxRqQNCTDx5mAqSOqN3gA0y6D570NZjvk35MxC3Yyn1/Ja2', '<p>Ducimus est nostrum nostrum qui non. Tempora voluptas nihil id iure. Incidunt reiciendis eligendi quia nemo.</p><p>Voluptatibus aut culpa minima accusamus aut quae eum. Ea voluptatum laudantium magni magnam quaerat minima provident dolor. Sunt aliquid quos qui molestias officia voluptatibus. Et similique autem error qui voluptatem.</p><p>Voluptate alias qui soluta eveniet nobis eos omnis et. Nisi deserunt consequatur nulla consequuntur. Aut est provident eligendi quisquam dolores voluptate tenetur. Maiores quis rerum qui aut deserunt.</p>', 'Employé', 'david-larralde', 3, 34),
(1096, 168784, 'ANDRIEUX', 'NICOLAS', 2, 12, 'nicolas.andrieux@leroymerlin.fr', 'http://cdn.onlinewebfonts.com/svg/img_24787.png', '$2y$13$WsrBHwsLbnRYIV6H34tizOxu3rnRiPeDhhcuo/FtycuFNe1k2CvLm', 'Mutée en 2020 du magasin de Niort', 'Employé', 'nicolas-andrieux', 3, 151),
(1097, 351689, 'AUBERT', 'JOHANNA', 3, 18, 'johanna.aubert@leroymerlin.fr', 'http://cdn.onlinewebfonts.com/svg/img_24787.png', '$2y$13$VDhk3gj3gWusk.2IIqHOleXt6nhl/i3e6IlKPRSsCPJe7/f4wIN0W', 'Souhait d\'évoluer ARKS', 'Employé', 'johanna-aubert', NULL, 223),
(1098, 372492, 'AUCAN', 'DAVID', 4, 23, 'david.aucan@leroymerlin.fr', 'http://cdn.onlinewebfonts.com/svg/img_24787.png', '$2y$13$KL.iTZzdzs/fCR23afhaE.Hv.8plPJQ0P6yljkWp2Bb0ZAnXqM3Xy', 'Arrivée au magasin en juin 2020, ancien responsable du Drive d\'Auchan.', 'Cadre', 'david-aucan', NULL, 205),
(1099, 375127, 'AUDIVERT', 'GABIN', 2, 7, 'gabin.audivert@leroymerlin.fr', 'http://cdn.onlinewebfonts.com/svg/img_24787.png', '$2y$13$77uNkknA6xlKHNn6fHgGjOkFHoHggxcKDrnGZ/.OPIwDA4e3Huydi', 'En CDD apprentissage du 16/08/2020 au 15/08/2021', 'Employé', 'gabin-audivert', NULL, 137),
(1100, 368440, 'BACHA', 'Yohan', 7, 16, 'yohan.bacha@leroymerlin.fr', 'http://cdn.onlinewebfonts.com/svg/img_24787.png', '$2y$13$M6sy28ji7eYNZx9LpC4lV.43qOuNYACXREmCEGVV4Q7Fpnv9EfEWm', 'Présentation à compléter !!!!!', 'Employé', 'yohan-bacha', NULL, 189),
(1101, NULL, 'BAKARI', 'ABDOU', NULL, NULL, NULL, NULL, NULL, NULL, 'Employé', NULL, NULL, NULL),
(1102, 368935, 'BALAGAYRIE', 'Michael', 7, 16, 'michael.balagayrie@leroymerlin.fr', 'http://cdn.onlinewebfonts.com/svg/img_24787.png', '$2y$13$Jg3oK7sg4JT2DJvDVjgFt.xEbjxIcqiCQOVTWiZR61GLudjTVh8.m', 'Présentation à compléter !!!!!', 'Employé', 'michael-balagayrie', 3, 187),
(1103, 361786, 'BALENCIE', 'Aurore', 3, 18, 'aurore.balencie@leroymerlin.fr', 'http://cdn.onlinewebfonts.com/svg/img_24787.png', '$2y$13$ubsu9hVErMrpyCyfv1BGSOR2uhjMZBLSGKyETtDlwgs77oTQhZIz.', 'Présentation à compléter !!!!!', 'Employé', 'aurore-balencie', 3, 228),
(1104, 375299, 'BAVOIS', 'Florence', 7, 16, 'florence.bavois@leroymerlin.fr', 'http://cdn.onlinewebfonts.com/svg/img_24787.png', '$2y$13$Fd8NktmO.366F5e7NInNYuBMF73b4BtlcDKNgsxP2p4Pn1v3loClC', 'Présentation à compléter !!!!!', 'Employé', 'florence-bavois', NULL, 174),
(1105, 129485, 'BEAU', 'AMANDINE', 7, 15, 'amandinde.beau@leroymerlin.fr', 'http://cdn.onlinewebfonts.com/svg/img_24787.png', '$2y$13$udBaSrVmHEsiiQ2bNej5Wumfjf/p/ABdHq2ju6g3KUTKMznja6BCm', 'Présentation à compléter !!!!!', 'Employé', 'amandine-beau', NULL, 2),
(1106, 143917, 'BELHOSTE', 'VIRGINIE', 3, 18, 'virginie.belhoste@leroymerlin.fr', 'http://cdn.onlinewebfonts.com/svg/img_24787.png', '$2y$13$Sulc2M2zcAsertYG04VfKeBM4v1iZ/WO6wCvV1.4jdiKL6bb.dzkq', 'Présentation à compléter !!!!!', 'Employé', 'virginie-belhoste', NULL, 187),
(1107, 369868, 'BENOIST', 'Cloe', 5, 5, 'cloe.benoit@leroymerlin.fr', 'http://cdn.onlinewebfonts.com/svg/img_24787.png', '$2y$13$MmDsjNkxRqQNCTDx5mAqSOqN3gA0y6D570NZjvk35MxC3Yyn1/Ja2', 'Présentation à compléter !!!!!', 'Employé', 'cloe-benoist', 3, 106),
(1108, 180942, 'BIKODOROFF', 'MELANIE', 8, 20, 'melanie.bikodoroff@leroymerlin.fr', 'http://cdn.onlinewebfonts.com/svg/img_24787.png', '$2y$13$TQugd0GFOsy64USb7LqJ1ee6i7x81A6nfRjsH5CmDnzHNF5LgyXSS', 'Présentation à compléter !!!!!', 'Employé', 'melanie-bikodoroff', NULL, 31),
(1109, 113109, 'BLOYS', 'DENIS', 7, 16, 'denis.bloys@leroymerlin.fr', 'http://cdn.onlinewebfonts.com/svg/img_24787.png', '$2y$13$FF4XGFtulvQBqn4j1T9lpOZU8OsR2CuCal2ORb3Qm6bjbHx91zCeK', 'Présentation à compléter !!!!!', 'Employé', 'denis-bloys', NULL, 205),
(1110, NULL, 'BONNET', 'CAROLE', NULL, NULL, NULL, NULL, NULL, NULL, 'Agent de maîtrise', NULL, NULL, NULL),
(1111, 353679, 'BONNET', 'Helene', 9, 21, 'helene.bonnet@leroymerlin.fr', 'https://media-exp1.licdn.com/dms/image/C5603AQGXDkxgBQnVYQ/profile-displayphoto-shrink_100_100/0?e=1609977600&v=beta&t=cSBSrsR4MBborYZxfAyV8-cFF-XuIn0K0lPChqmLFOI', '$2y$13$KL.iTZzdzs/fCR23afhaE.Hv.8plPJQ0P6yljkWp2Bb0ZAnXqM3Xy', 'Bonjour m\'appelle Hélène, je suis RPRH', 'Cadre', 'helene-bonnet', 4, 142),
(1112, 132421, 'BONTANT', 'CEDRIC', 7, 17, 'cedric.bontant@leroymerlin.fr', 'http://cdn.onlinewebfonts.com/svg/img_24787.png', '$2y$13$roz2EFykX52cxGYKCSvOeOS5BjySuvLOjTr2kSucPCRc7/NGPV.Ue', 'Présentation à compléter !!!!!', 'Employé', 'cedric-bontant', NULL, 169),
(1113, 357755, 'BORDAS', 'Amandine', 3, 18, 'amandine.bordas@leroymerlin.fr', 'http://cdn.onlinewebfonts.com/svg/img_24787.png', '$2y$13$eFXDuJH.oy1cTGK9trhMeOdX63e2WYxRSlOedi7LzWLMgi7dMax/.', 'Présentation à compléter !!!!!', 'Employé', 'amandine-bordas', NULL, 16),
(1114, NULL, 'BOUDINAR', 'MOUNIR', NULL, NULL, NULL, NULL, NULL, NULL, 'Cadre', NULL, NULL, NULL),
(1115, NULL, 'BOUQUET', 'CEDRIC', NULL, NULL, NULL, NULL, NULL, NULL, 'Employé', NULL, NULL, NULL),
(1116, NULL, 'BOURNET', 'Justine', NULL, NULL, NULL, NULL, NULL, NULL, 'Employé', NULL, NULL, NULL),
(1117, NULL, 'BRUN MONDON', 'JEAN PHILIPPE', NULL, NULL, NULL, NULL, NULL, NULL, 'Employé', NULL, NULL, NULL),
(1118, NULL, 'CAILLE', 'Romuald', NULL, NULL, NULL, NULL, NULL, NULL, 'Employé', NULL, NULL, NULL),
(1119, NULL, 'CAPRIO', 'ROSANNA', NULL, NULL, NULL, NULL, NULL, NULL, 'Cadre', NULL, NULL, NULL),
(1120, NULL, 'CARRE', 'Maxime', NULL, NULL, NULL, NULL, NULL, NULL, 'Employé', NULL, NULL, NULL),
(1121, NULL, 'CAYRON', 'MARIE-PAULE', NULL, NULL, NULL, NULL, NULL, NULL, 'Employé', NULL, NULL, NULL),
(1122, NULL, 'CHABRET', 'DJOHN', NULL, NULL, NULL, NULL, NULL, NULL, 'Employé', NULL, NULL, NULL),
(1123, NULL, 'CHAPEAU', 'Jules', NULL, NULL, NULL, NULL, NULL, NULL, 'Employé', NULL, NULL, NULL),
(1125, NULL, 'CHARRUAUD', 'Maëva', NULL, NULL, NULL, NULL, NULL, NULL, 'Employé', NULL, NULL, NULL),
(1127, NULL, 'CHAVENEAU', 'Quentin', NULL, NULL, NULL, NULL, NULL, NULL, 'Employé', NULL, NULL, NULL),
(1128, NULL, 'CHEVRON', 'MARIE', NULL, NULL, NULL, NULL, NULL, NULL, 'Employé', NULL, NULL, NULL),
(1129, NULL, 'CLAIRET', 'Elodie', NULL, NULL, NULL, NULL, NULL, NULL, 'Employé', NULL, NULL, NULL),
(1131, NULL, 'CLAMENT', 'PIERRE', NULL, NULL, NULL, NULL, NULL, NULL, 'Employé', NULL, NULL, NULL),
(1132, NULL, 'COLAUD', 'VINCENT', NULL, NULL, NULL, NULL, NULL, NULL, 'Employé', NULL, NULL, NULL),
(1133, NULL, 'COUDRAT', 'PIERRE-YVES', NULL, NULL, NULL, NULL, NULL, NULL, 'Cadre', NULL, NULL, NULL),
(1134, NULL, 'COUSIN', 'SYLVIA', NULL, NULL, NULL, NULL, NULL, NULL, 'Employé', NULL, NULL, NULL),
(1135, NULL, 'CRABANAC', 'FLORENT', NULL, NULL, NULL, NULL, NULL, NULL, 'Employé', NULL, NULL, NULL),
(1136, NULL, 'CROCHET', 'PHILIPPE', NULL, NULL, NULL, NULL, NULL, NULL, 'Agent de maîtrise', NULL, NULL, NULL),
(1137, NULL, 'DAURIE', 'JENNY', NULL, NULL, NULL, NULL, NULL, NULL, 'Employé', NULL, NULL, NULL),
(1138, NULL, 'DEBUS', 'CELINE', NULL, NULL, NULL, NULL, NULL, NULL, 'Agent de maîtrise', NULL, NULL, NULL),
(1139, NULL, 'DEGREZE', 'JOHAN', NULL, NULL, NULL, NULL, NULL, NULL, 'Employé', NULL, NULL, NULL),
(1140, NULL, 'DELAFORGE', 'CHARLOTTE', NULL, NULL, NULL, NULL, NULL, NULL, 'Employé', NULL, NULL, NULL),
(1141, NULL, 'DELBOS', 'GWENAELLE', NULL, NULL, NULL, NULL, NULL, NULL, 'Employé', NULL, NULL, NULL),
(1142, NULL, 'DELERON', 'CECILE', NULL, NULL, NULL, NULL, NULL, NULL, 'Employé', NULL, NULL, NULL),
(1143, NULL, 'DELGADO', 'Emilie', NULL, NULL, NULL, NULL, NULL, NULL, 'Employé', NULL, NULL, NULL),
(1144, NULL, 'DENOLF', 'Ludwig', NULL, NULL, NULL, NULL, NULL, NULL, 'Employé', NULL, NULL, NULL),
(1146, NULL, 'DRUON', 'Julien', NULL, NULL, NULL, NULL, NULL, NULL, 'Employé', NULL, NULL, NULL),
(1148, NULL, 'DUBREUIL', 'DIDIER', NULL, NULL, NULL, NULL, NULL, NULL, 'Employé', NULL, NULL, NULL),
(1149, NULL, 'DUCOURTIEUX', 'Arnaud', NULL, NULL, NULL, NULL, NULL, NULL, 'Employé', NULL, NULL, NULL),
(1150, NULL, 'DUMAS', 'SEBASTIEN', NULL, NULL, NULL, NULL, NULL, NULL, 'Cadre', NULL, NULL, NULL),
(1151, NULL, 'DUMONTEIL', 'Maxime', NULL, NULL, NULL, NULL, NULL, NULL, 'Employé', NULL, NULL, NULL),
(1152, NULL, 'DUPONT', 'CHRISTINE', NULL, NULL, NULL, NULL, NULL, NULL, 'Employé', NULL, NULL, NULL),
(1153, NULL, 'DUPOUX', 'CHRISTOPHER', NULL, NULL, NULL, NULL, NULL, NULL, 'Employé', NULL, NULL, NULL),
(1154, NULL, 'EL YAQTINE', 'AHMED', NULL, NULL, NULL, NULL, NULL, NULL, 'Employé', NULL, NULL, NULL),
(1155, NULL, 'ERMERY', 'ARNAUD', NULL, NULL, NULL, NULL, NULL, NULL, 'Employé', NULL, NULL, NULL),
(1156, NULL, 'FAGOO', 'CHLOE', NULL, NULL, NULL, NULL, NULL, NULL, 'Cadre', NULL, NULL, NULL),
(1157, NULL, 'FERNANDES', 'GEOFFREY', NULL, NULL, NULL, NULL, NULL, NULL, 'Employé', NULL, NULL, NULL),
(1158, NULL, 'FEUTRIEZ', 'Cecile', NULL, NULL, NULL, NULL, NULL, NULL, 'Cadre', NULL, NULL, NULL),
(1159, NULL, 'FILLATREAU', 'FLORENT', NULL, NULL, NULL, NULL, NULL, NULL, 'Agent de maîtrise', NULL, NULL, NULL),
(1160, NULL, 'FOURE', 'Maud', NULL, NULL, NULL, NULL, NULL, NULL, 'Employé', NULL, NULL, NULL),
(1161, NULL, 'FRUCHOU', 'JEROME', NULL, NULL, NULL, NULL, NULL, NULL, 'Employé', NULL, NULL, NULL),
(1162, NULL, 'GABORY', 'Anatole', NULL, NULL, NULL, NULL, NULL, NULL, 'Employé', NULL, NULL, NULL),
(1163, NULL, 'GAILLARD', 'Sebastien', NULL, NULL, NULL, NULL, NULL, NULL, 'Employé', NULL, NULL, NULL),
(1164, NULL, 'GALAND', 'FABIEN', NULL, NULL, NULL, NULL, NULL, NULL, 'Agent de maîtrise', NULL, NULL, NULL),
(1165, NULL, 'GALINAT', 'AMANDINE', NULL, NULL, NULL, NULL, NULL, NULL, 'Employé', NULL, NULL, NULL),
(1166, NULL, 'GORCE', 'Karen', NULL, NULL, NULL, NULL, NULL, NULL, 'Employé', NULL, NULL, NULL),
(1167, NULL, 'GOSSARD', 'JESSICA', NULL, NULL, NULL, NULL, NULL, NULL, 'Employé', NULL, NULL, NULL),
(1168, NULL, 'GRANDCHAMP', 'LOIC', NULL, NULL, NULL, NULL, NULL, NULL, 'Agent de maîtrise', NULL, NULL, NULL),
(1169, NULL, 'GRANDCHAMP', 'Christelle', NULL, NULL, NULL, NULL, NULL, NULL, 'Employé', NULL, NULL, NULL),
(1170, NULL, 'GUILLABOT', 'VIVIANE', NULL, NULL, NULL, NULL, NULL, NULL, 'Agent de maîtrise', NULL, NULL, NULL),
(1171, NULL, 'GUILLOUX', 'FREDERIQUE', NULL, NULL, NULL, NULL, NULL, NULL, 'Agent de maîtrise', NULL, NULL, NULL),
(1172, NULL, 'GUINIER', 'GUILLAUME', NULL, NULL, NULL, NULL, NULL, NULL, 'Employé', NULL, NULL, NULL),
(1174, 113478, 'HACAULT', 'EMMANUEL', 2, 2, 'emmanuel.hacault@leroymerlin.fr', 'http://cdn.onlinewebfonts.com/svg/img_24787.png', '$2y$13$phYJA3WnKVW3.R4s9QloU.RTzrLSrL68cp8jvtjNn8M/8plgDc9O2', 'Présentation à compléter !!!!!', 'Employé', 'emmanuel-hacault', NULL, 157),
(1175, NULL, 'HELLAL', 'MEHDY', NULL, NULL, NULL, NULL, NULL, NULL, 'Employé', NULL, NULL, NULL),
(1176, NULL, 'HENIN', 'ANTOINE', NULL, NULL, NULL, NULL, NULL, NULL, 'Employé', NULL, NULL, NULL),
(1177, NULL, 'HOURUGOU', 'THIERRY', NULL, NULL, NULL, NULL, NULL, NULL, 'Cadre', NULL, NULL, NULL),
(1178, NULL, 'IMBRECHT', 'LOUIS', NULL, NULL, NULL, NULL, NULL, NULL, 'Employé', NULL, NULL, NULL),
(1179, NULL, 'JODON', 'LAURENT', NULL, NULL, NULL, NULL, NULL, NULL, 'Agent de maîtrise', NULL, NULL, NULL),
(1182, NULL, 'JOUBERT', 'Clement', NULL, NULL, NULL, NULL, NULL, NULL, 'Employé', NULL, NULL, NULL),
(1183, NULL, 'JOURDAN', 'LEA', NULL, NULL, NULL, NULL, NULL, NULL, 'Cadre', NULL, NULL, NULL),
(1184, NULL, 'KAMINSKI', 'Laura', NULL, NULL, NULL, NULL, NULL, NULL, 'Cadre', NULL, NULL, NULL),
(1185, 149912, 'LABROUSSE', 'DUSTY', 5, 11, 'dusty.labrousse@leroymerlin.fr', 'http://cdn.onlinewebfonts.com/svg/img_24787.png', '$2y$13$aaa3TIJTfkF2aYE1.XaFvOg0t7aUjJqXMHTa5X6vcnhTxAxeWSdsa', 'kajazmklnfazldnfmlazknflkaznf', 'Employé', 'dusty-labrousse', NULL, 58),
(1187, NULL, 'LACOSTE', 'GREGORY', NULL, NULL, NULL, NULL, NULL, NULL, 'Agent de maîtrise', NULL, NULL, NULL),
(1188, NULL, 'LACOSTE', 'Alain', NULL, NULL, NULL, NULL, NULL, NULL, 'Employé', NULL, NULL, NULL),
(1189, NULL, 'LACOURARIE', 'Thomas', NULL, NULL, NULL, NULL, NULL, NULL, 'Employé', NULL, NULL, NULL),
(1190, NULL, 'LAMGHILI', 'NADJIM', NULL, NULL, NULL, NULL, NULL, NULL, 'Employé', NULL, NULL, NULL),
(1191, NULL, 'LARIVIERE', 'ANNIE', NULL, NULL, NULL, NULL, NULL, NULL, 'Employé', NULL, NULL, NULL),
(1192, NULL, 'LARRALDE', 'David', NULL, NULL, NULL, NULL, NULL, NULL, 'Employé', NULL, NULL, NULL),
(1193, NULL, 'LAUZANNE', 'STEPHANIE', NULL, NULL, NULL, NULL, NULL, NULL, 'Employé', NULL, NULL, NULL),
(1194, NULL, 'LAVAUD', 'STEPHANIE', NULL, NULL, NULL, NULL, NULL, NULL, 'Employé', NULL, NULL, NULL),
(1195, NULL, 'LAVIGNEE', 'Lilou', NULL, NULL, NULL, NULL, NULL, NULL, 'Employé', NULL, NULL, NULL),
(1196, NULL, 'LEDOUX', 'SOPHIE', NULL, NULL, NULL, NULL, NULL, NULL, 'Employé', NULL, NULL, NULL),
(1197, NULL, 'LEHOUX', 'BRUNO', NULL, NULL, NULL, NULL, NULL, NULL, 'Employé', NULL, NULL, NULL),
(1198, 148861, 'LENICOLAIS', 'REMY', 2, 12, 'remy.lenicolais@leroymerlin.fr', 'http://cdn.onlinewebfonts.com/svg/img_24787.png', '$2y$13$eaLJCSEixdzLzi136/YTUusUm3ySDluYHIMyOUn/Gkh5acrq77XNq', 'alkfzadfalzdazlf', 'Employé', 'remy-lenicolais', NULL, 54),
(1199, NULL, 'LE PRUNENEC', 'Marine', NULL, NULL, NULL, NULL, NULL, NULL, 'Employé', NULL, NULL, NULL),
(1200, NULL, 'LE ROY', 'SOLANGE', NULL, NULL, NULL, NULL, NULL, NULL, 'Employé', NULL, NULL, NULL),
(1202, NULL, 'LEYRAT', 'SEBASTIEN', NULL, NULL, NULL, NULL, NULL, NULL, 'Employé', NULL, NULL, NULL),
(1203, NULL, 'LUCIO', 'DENOVAN', NULL, NULL, NULL, NULL, NULL, NULL, 'Employé', NULL, NULL, NULL),
(1204, NULL, 'MAGNAT', 'Amandine', NULL, NULL, NULL, NULL, NULL, NULL, 'Employé', NULL, NULL, NULL),
(1205, NULL, 'MALLET', 'Kevin', NULL, NULL, NULL, NULL, NULL, NULL, 'Employé', NULL, NULL, NULL),
(1206, 149719, 'MARTINEZ', 'SEBASTIEN', 10, 2, 'sebastien.martinez1@leroymerlin.fr', 'http://cdn.onlinewebfonts.com/svg/img_24787.png', '$2y$13$YrQB7Eug1Gn93s7Pd05f8utlMMFeBdjG.vD/Qspn2gtqjlsTAr3Lm', 'Présentation à compléter !!!!!', 'Agent de Maîtrise', 'sebastien-martinez', NULL, 177),
(1208, NULL, 'MAYET', 'GEOFFREY', NULL, NULL, NULL, NULL, NULL, NULL, 'Employé', NULL, NULL, NULL),
(1209, NULL, 'MAZEAU', 'VALENTIN', NULL, NULL, NULL, NULL, NULL, NULL, 'Employé', NULL, NULL, NULL),
(1210, NULL, 'MENECHAL', 'PATRICK', NULL, NULL, NULL, NULL, NULL, NULL, 'Employé', NULL, NULL, NULL),
(1211, NULL, 'MERLEN', 'Stéphanie', NULL, NULL, NULL, NULL, NULL, NULL, 'Employé', NULL, NULL, NULL),
(1212, NULL, 'MIGNON', 'Doriane', NULL, NULL, NULL, NULL, NULL, NULL, 'Employé', NULL, NULL, NULL),
(1213, NULL, 'MILHARES', 'Antoine', NULL, NULL, NULL, NULL, NULL, NULL, 'Employé', NULL, NULL, NULL),
(1214, NULL, 'MONJANEL', 'ANTHONY', NULL, NULL, NULL, NULL, NULL, NULL, 'Employé', NULL, NULL, NULL),
(1215, NULL, 'MONVOISIN', 'CORALIE', NULL, NULL, NULL, NULL, NULL, NULL, 'Agent de maîtrise', NULL, NULL, NULL),
(1216, NULL, 'MOYAUX', 'GEOFFREY', NULL, NULL, NULL, NULL, NULL, NULL, 'Employé', NULL, NULL, NULL),
(1217, NULL, 'NARDOU', 'MAXIME', NULL, NULL, NULL, NULL, NULL, NULL, 'Employé', NULL, NULL, NULL),
(1218, NULL, 'ONESIME', 'Camille', NULL, NULL, NULL, NULL, NULL, NULL, 'Employé', NULL, NULL, NULL),
(1219, NULL, 'OYEZ', 'FLAVIE', NULL, NULL, NULL, NULL, NULL, NULL, 'Employé', NULL, NULL, NULL),
(1220, NULL, 'PAMART', 'WILFRIED', NULL, NULL, NULL, NULL, NULL, NULL, 'Employé', NULL, NULL, NULL),
(1221, NULL, 'PASQUET', 'KARIMA', NULL, NULL, NULL, NULL, NULL, NULL, 'Employé', NULL, NULL, NULL),
(1222, NULL, 'PINAULT', 'Benoit', NULL, NULL, NULL, NULL, NULL, NULL, 'Employé', NULL, NULL, NULL),
(1223, NULL, 'PINSON', 'LUDOVIC', NULL, NULL, NULL, NULL, NULL, NULL, 'Employé', NULL, NULL, NULL),
(1224, NULL, 'PINTO', 'PHILIPPE', NULL, NULL, NULL, NULL, NULL, NULL, 'Employé', NULL, NULL, NULL),
(1225, NULL, 'POITTEVIN', 'Fanny', NULL, NULL, NULL, NULL, NULL, NULL, 'Employé', NULL, NULL, NULL),
(1226, NULL, 'POTHIER', 'Nathan', NULL, NULL, NULL, NULL, NULL, NULL, 'Employé', NULL, NULL, NULL),
(1227, NULL, 'POUGET', 'VIRGINIE', NULL, NULL, NULL, NULL, NULL, NULL, 'Employé', NULL, NULL, NULL),
(1228, NULL, 'POULAIN', 'STEPHANIE', NULL, NULL, NULL, NULL, NULL, NULL, 'Employé', NULL, NULL, NULL),
(1229, NULL, 'POULAIN', 'FRANCK', NULL, NULL, NULL, NULL, NULL, NULL, 'Agent de maîtrise', NULL, NULL, NULL),
(1230, NULL, 'PRIEUR', 'ALINE', NULL, NULL, NULL, NULL, NULL, NULL, 'Agent de maîtrise', NULL, NULL, NULL),
(1231, NULL, 'RAGON', 'NATHALIE', NULL, NULL, NULL, NULL, NULL, NULL, 'Agent de maîtrise', NULL, NULL, NULL),
(1232, NULL, 'RAVOILLON', 'CAROLINE', NULL, NULL, NULL, NULL, NULL, NULL, 'Employé', NULL, NULL, NULL),
(1233, NULL, 'REVEL', 'MARIE', NULL, NULL, NULL, NULL, NULL, NULL, 'Employé', NULL, NULL, NULL),
(1234, NULL, 'REY', 'ISABELLE', NULL, NULL, NULL, NULL, NULL, NULL, 'Employé', NULL, NULL, NULL),
(1235, NULL, 'ROBINET', 'CHRISTOPHE', NULL, NULL, NULL, NULL, NULL, NULL, 'Employé', NULL, NULL, NULL),
(1236, NULL, 'ROMBEAU', 'ERIC', NULL, NULL, NULL, NULL, NULL, NULL, 'Employé', NULL, NULL, NULL),
(1237, NULL, 'SICHERE', 'JEREMY', NULL, NULL, NULL, NULL, NULL, NULL, 'Employé', NULL, NULL, NULL),
(1238, NULL, 'SORBETS', 'Olivier', NULL, NULL, NULL, NULL, NULL, NULL, 'Employé', NULL, NULL, NULL),
(1239, NULL, 'TEILLET', 'XAVIER', NULL, NULL, NULL, NULL, NULL, NULL, 'Employé', NULL, NULL, NULL),
(1240, NULL, 'TESTUT', 'Jean-Baptiste', NULL, NULL, NULL, NULL, NULL, NULL, 'Employé', NULL, NULL, NULL),
(1241, NULL, 'TEULET', 'Jeremy', NULL, NULL, NULL, NULL, NULL, NULL, 'Employé', NULL, NULL, NULL),
(1242, NULL, 'TROLONGE', 'ALEXANE', NULL, NULL, NULL, NULL, NULL, NULL, 'Employé', NULL, NULL, NULL),
(1243, NULL, 'VALLADE', 'MARC', NULL, NULL, NULL, NULL, NULL, NULL, 'Employé', NULL, NULL, NULL),
(1244, NULL, 'VASSONEY', 'Benjamin', NULL, NULL, NULL, NULL, NULL, NULL, 'Agent de maîtrise', NULL, NULL, NULL),
(1245, NULL, 'VENTENAT', 'CHRISTOPHE', NULL, NULL, NULL, NULL, NULL, NULL, 'Employé', NULL, NULL, NULL),
(1246, NULL, 'VIAL', 'FREDERIC', NULL, NULL, NULL, NULL, NULL, NULL, 'Agent de maîtrise', NULL, NULL, NULL),
(1247, NULL, 'VILLENEUVE', 'FREDERIC', NULL, NULL, NULL, NULL, NULL, NULL, 'Employé', NULL, NULL, NULL),
(1248, NULL, 'VINCENT VANDER LINDEN', 'Katharina', NULL, NULL, NULL, NULL, NULL, NULL, 'Employé', NULL, NULL, NULL),
(1249, 33470, 'CHARAT', 'Sandrine', 2, 2, 'sandrine.charat@leroymerlin.fr', 'http://cdn.onlinewebfonts.com/svg/img_24787.png', '$2y$13$onWBWi7tKt7oXSYn9RwUquBy2IGCRK7xjnYdrnWH55HYHBQ7yhdRK', 'Présentation à compléter !!!', 'Employé', 'sandrine-charat', 3, 178),
(1250, 131009, 'CHARTON', 'Jonathan', 2, 2, 'jonathan.charton@leroymerlin.fr', 'http://cdn.onlinewebfonts.com/svg/img_24787.png', '$2y$13$q2Ps5jCWbvyTgppVlp0EWOA8F8KghoiG8U5drKJCWjCA55iN/b2Nu', 'Présentation à compléter !!!', 'Employé', 'jonathan-charton', NULL, 101),
(1251, 132720, 'GUINOT-PASQUET', 'Alice', 5, 1, 'alice.guinot-pasquet@leroymerlin.fr', 'http://cdn.onlinewebfonts.com/svg/img_24787.png', '$2y$13$3QNYR5RH6GmcAVkrqkDDuetgvqOxhGhygqLmckIwMZ7u4RqkAH07W', 'Présentation à compléter !!!', 'Employé', 'alice-guinot-pasquet', NULL, 56),
(1252, 375687, 'Laurine', 'JOLLIVET', 5, 1, 'laurine.jollivet@leroymerlin.fr', 'http://cdn.onlinewebfonts.com/svg/img_24787.png', '$2y$13$qFdSx9yjic0vrUQ2Jg/y3u3qRjeIm0DYqYQlVJKZCjmkepLOOL3O2', 'Présentation à compléter !!!', 'Employé', 'jollivet-laurine', 3, 60),
(1253, 122959, 'LACHAUX', 'Maxime', 5, 1, 'maxime.lachaux@leroymerlin.fr', 'http://cdn.onlinewebfonts.com/svg/img_24787.png', '$2y$13$OZ97MUDss.F0j8pWO19.yOjnyvu7FAqRQnsX2SMcjJ9WcBY.Xx9EW', 'Présentation à compléter !!!', 'Employé', 'maxime-lachaux', NULL, 134),
(1255, 132312, 'JORGE', 'Jean-Jacques', 5, 1, 'jean-jacques.jorge@leroymerlin.fr', 'http://cdn.onlinewebfonts.com/svg/img_24787.png', '$2y$13$K1eev0remvxNrT55ezvSt.tLdU8CHQlUAT9HB6YAzCRA3DuuBGqh6', 'Présentation à compléter !!!', 'Employé', 'jean-jacques-jorge', NULL, 156);

--
-- Déchargement des données de la table `color`
--

INSERT INTO `color` (`id`, `name`, `code`) VALUES
(1, 'aliceblue', '240, 248, 255'),
(2, 'antiquewhite', '250, 235, 215'),
(3, 'aqua', '0, 255, 255'),
(4, 'aquamarine', '127, 255, 212'),
(5, 'azure', '240, 255, 255'),
(6, 'beige', '245, 245, 220'),
(7, 'black', '0, 0, 0'),
(8, 'bisque', '255, 228, 196'),
(9, 'blanchedalmond', '255, 235, 205'),
(10, 'blue', '0, 0, 255'),
(11, 'blueviolet', '138, 43, 226'),
(12, 'brown', '165, 42, 42'),
(13, 'burlywood', '222, 184, 135'),
(14, 'cadetblue', '95, 158, 160'),
(15, 'chartreuse', '127, 255, 0'),
(16, 'chocolate', '210, 105, 30'),
(17, 'coral', '255, 127, 80'),
(18, 'cornflowerblue', '100, 149, 237'),
(19, 'cornsilk', '255, 248, 220'),
(20, 'crimson', '220, 20, 60'),
(21, 'cyan', '0, 255, 255'),
(22, 'darkblue', '0, 0, 139'),
(23, 'darkcyan', '0, 139, 139'),
(24, 'darkgoldenrod', '184, 134, 11'),
(25, 'darkgray', '169, 169, 169'),
(26, 'darkkhaki', '189, 183, 107'),
(27, 'darkmagenta', '139, 0, 139'),
(28, 'darkolivegreen', '85, 107, 47'),
(29, 'darkorange', '255, 140, 0'),
(30, 'darkorchid', '153, 50, 204'),
(31, 'darkred', '139, 0, 0'),
(32, 'darksalmon', '233, 150, 122'),
(33, 'darkseagreen', '143, 188, 143'),
(34, 'darkslateblue', '72, 61, 139'),
(35, 'darkslategrey', '47, 79, 79'),
(36, 'darkturquoise', '0, 206, 209'),
(37, 'darkviolet', '148, 0, 211'),
(38, 'deeppink', '255, 20, 147'),
(39, 'deepskyblue', '0, 191, 255'),
(40, 'dimgray', '105, 105, 105'),
(41, 'dodgerblue', '30, 144, 255'),
(42, 'darksalmon', '233, 150, 122'),
(43, 'darkseagreen', '143, 188, 143'),
(44, 'darkslateblue', '72, 61, 139'),
(45, 'darkslategrey', '47, 79, 79'),
(46, 'darkturquoise', '0, 206, 209'),
(47, 'darkviolet', '148, 0, 211'),
(48, 'deeppink', '255, 20, 147'),
(49, 'deepskyblue', '0, 191, 255'),
(50, 'dimgray', '105, 105, 105'),
(51, 'dodgerblue', '30, 144, 255'),
(52, 'firebrick', '178, 34, 34'),
(53, 'floralwhite', '255, 250, 240'),
(54, 'forestgreen', '34, 139, 34'),
(55, 'fuchsia', '255, 0, 255'),
(56, 'gainsboro', '220, 220, 220'),
(57, 'ghostwhite', '248, 248, 255'),
(58, 'gold', '255, 215, 0'),
(59, 'goldenrod', '218, 165, 32'),
(60, 'gray', '128, 128, 128'),
(61, 'green', '0, 128, 0'),
(62, 'firebrick', '178, 34, 34'),
(63, 'floralwhite', '255, 250, 240'),
(64, 'forestgreen', '34, 139, 34'),
(65, 'fuchsia', '255, 0, 255'),
(66, 'gainsboro', '220, 220, 220'),
(67, 'ghostwhite', '248, 248, 255'),
(68, 'gold', '255, 215, 0'),
(69, 'goldenrod', '218, 165, 32'),
(70, 'gray', '128, 128, 128'),
(71, 'green', '0, 128, 0'),
(72, 'honeydew', '240, 255, 240'),
(73, 'hotpink', '255, 105, 180'),
(74, 'indianred', '205, 92, 92'),
(75, 'indigo', '75, 0, 130'),
(76, 'ivory', '255, 255, 240'),
(77, 'khaki', '240, 230, 140'),
(78, 'lavender', '230, 230, 250'),
(79, 'lightblue', '173, 216, 230'),
(80, 'lightcoral', '240, 128, 128'),
(81, 'lightcyan', '224, 255, 255'),
(82, 'honeydew', '240, 255, 240'),
(83, 'hotpink', '255, 105, 180'),
(84, 'indianred', '205, 92, 92'),
(85, 'indigo', '75, 0, 130'),
(86, 'ivory', '255, 255, 240'),
(87, 'khaki', '240, 230, 140'),
(88, 'lavender', '230, 230, 250'),
(89, 'lightblue', '173, 216, 230'),
(90, 'lightcoral', '240, 128, 128'),
(91, 'lightcyan', '224, 255, 255'),
(92, 'lightgoldenrodyellow', '250, 250, 210'),
(93, 'lightgray', '211, 211, 211'),
(94, 'lightgreen', '144, 238, 144'),
(95, 'lightpink', '255, 182, 193'),
(96, 'lightsalmon', '255, 160, 122'),
(97, 'lightseagreen', '32, 178, 170'),
(98, 'lightskyblue', '135, 206, 250'),
(99, 'lightslategray', '119, 136, 153'),
(100, 'lightsteelblue', '176, 196, 222'),
(101, 'lightyellow', '255, 255, 224'),
(102, 'lightgoldenrodyellow', '250, 250, 210'),
(103, 'lightgray', '211, 211, 211'),
(104, 'lightgreen', '144, 238, 144'),
(105, 'lightpink', '255, 182, 193'),
(106, 'lightsalmon', '255, 160, 122'),
(107, 'lightseagreen', '32, 178, 170'),
(108, 'lightskyblue', '135, 206, 250'),
(109, 'lightslategray', '119, 136, 153'),
(110, 'lightsteelblue', '176, 196, 222'),
(111, 'lightyellow', '255, 255, 224'),
(112, 'lime', '0, 255, 0'),
(113, 'limegreen', '50, 205, 50'),
(114, 'linen', '250, 240, 230'),
(115, 'magenta', '255, 0, 255'),
(116, 'maroon', '128, 0, 0'),
(117, 'mediumaquamarine', '102, 205, 170'),
(118, 'mediumblue', '0, 0, 205'),
(119, 'mediumorchid', '186, 85, 211'),
(120, 'mediumpurple', '147, 112, 219'),
(121, 'mediumseagreen', '60, 179, 113'),
(122, 'lime', '0, 255, 0'),
(123, 'limegreen', '50, 205, 50'),
(124, 'linen', '250, 240, 230'),
(125, 'magenta', '255, 0, 255'),
(126, 'maroon', '128, 0, 0'),
(127, 'mediumaquamarine', '102, 205, 170'),
(128, 'mediumblue', '0, 0, 205'),
(129, 'mediumorchid', '186, 85, 211'),
(130, 'mediumpurple', '147, 112, 219'),
(131, 'mediumseagreen', '60, 179, 113'),
(132, 'mediumslateblue', '123, 104, 238'),
(133, 'mediumspringgreen', '0, 250, 154'),
(134, 'mediumturquoise', '72, 209, 204'),
(135, 'mediumvioletred', '199, 21, 133'),
(136, 'midnightblue', '25, 25, 112'),
(137, 'mintcream', '245, 255, 250'),
(138, 'mistyrose', '255, 228, 225'),
(139, 'moccasin', '255, 228, 181'),
(140, 'navajowhite', '255, 222, 173'),
(141, 'navy', '0, 0, 128'),
(142, 'mediumslateblue', '123, 104, 238'),
(143, 'mediumspringgreen', '0, 250, 154'),
(144, 'mediumturquoise', '72, 209, 204'),
(145, 'mediumvioletred', '199, 21, 133'),
(146, 'midnightblue', '25, 25, 112'),
(147, 'mintcream', '245, 255, 250'),
(148, 'mistyrose', '255, 228, 225'),
(149, 'moccasin', '255, 228, 181'),
(150, 'navajowhite', '255, 222, 173'),
(151, 'navy', '0, 0, 128'),
(152, 'oldlace', '253, 245, 230'),
(153, 'olive', '128, 128, 0'),
(154, 'olivedrab', '107, 142, 35'),
(155, 'orange', '255, 165, 0'),
(156, 'orangered', '255, 69, 0'),
(157, 'orchid', '218, 112, 214'),
(158, 'palegoldenrod', '238, 232, 170'),
(159, 'palegreen', '152, 251, 152'),
(160, 'paleturquoise', '175, 238, 238'),
(161, 'palevioletred', '219, 112, 147'),
(162, 'oldlace', '253, 245, 230'),
(163, 'olive', '128, 128, 0'),
(164, 'olivedrab', '107, 142, 35'),
(165, 'orange', '255, 165, 0'),
(166, 'orangered', '255, 69, 0'),
(167, 'orchid', '218, 112, 214'),
(168, 'palegoldenrod', '238, 232, 170'),
(169, 'palegreen', '152, 251, 152'),
(170, 'paleturquoise', '175, 238, 238'),
(171, 'palevioletred', '219, 112, 147'),
(172, 'papayawhip', '255, 239, 213'),
(173, 'peachpuff', '255, 218, 185'),
(174, 'peru', '205, 133, 63'),
(175, 'pink', '255, 192, 203'),
(176, 'plum', '221, 160, 221'),
(177, 'powderblue', '176, 224, 230'),
(178, 'purple', '102, 51, 153'),
(179, 'red', '255, 0, 0'),
(180, 'rosybrown', '188, 143, 143'),
(181, 'royalblue', '65, 105, 225'),
(182, 'papayawhip', '255, 239, 213'),
(183, 'peachpuff', '255, 218, 185'),
(184, 'peru', '205, 133, 63'),
(185, 'pink', '255, 192, 203'),
(186, 'plum', '221, 160, 221'),
(187, 'powderblue', '176, 224, 230'),
(188, 'purple', '102, 51, 153'),
(189, 'red', '255, 0, 0'),
(190, 'rosybrown', '188, 143, 143'),
(191, 'royalblue', '65, 105, 225'),
(192, 'saddlebrown', '139, 69, 19'),
(193, 'salmon', '250, 128, 114'),
(194, 'sandybrown', '244, 164, 96'),
(195, 'seagreen', '46, 139, 87'),
(196, 'seashell', '255, 245, 238'),
(197, 'sienna', '160, 82, 45'),
(198, 'silver', '192, 192, 192'),
(199, 'skyblue', '135, 206, 235'),
(200, 'slateblue', '106, 90, 205'),
(201, 'slategray', '112, 128, 144'),
(202, 'saddlebrown', '139, 69, 19'),
(203, 'salmon', '250, 128, 114'),
(204, 'sandybrown', '244, 164, 96'),
(205, 'seagreen', '46, 139, 87'),
(206, 'seashell', '255, 245, 238'),
(207, 'sienna', '160, 82, 45'),
(208, 'silver', '192, 192, 192'),
(209, 'skyblue', '135, 206, 235'),
(210, 'slateblue', '106, 90, 205'),
(211, 'slategray', '112, 128, 144'),
(212, 'snow', '255, 250, 250'),
(213, 'springgreen', '0, 255, 127'),
(214, 'steelblue', '70, 130, 180'),
(215, 'tan', '210, 180, 140'),
(216, 'teal', '0, 128, 128'),
(217, 'thistle', '216, 191, 216'),
(218, 'tomato', '255, 99, 71'),
(219, 'turquoise', '64, 224, 208'),
(220, 'violet', '238, 130, 238'),
(221, 'wheat', '245, 222, 179'),
(222, 'snow', '255, 250, 250'),
(223, 'springgreen', '0, 255, 127'),
(224, 'steelblue', '70, 130, 180'),
(225, 'tan', '210, 180, 140'),
(226, 'teal', '0, 128, 128'),
(227, 'thistle', '216, 191, 216'),
(228, 'tomato', '255, 99, 71'),
(229, 'turquoise', '64, 224, 208'),
(230, 'violet', '238, 130, 238'),
(231, 'wheat', '245, 222, 179'),
(232, 'white', '255, 255, 255'),
(233, 'whitesmoke', '245, 245, 245'),
(234, 'yellow', '255, 255, 0'),
(235, 'yellowgreen', '154, 205, 50'),
(236, 'white', '255, 255, 255'),
(237, 'whitesmoke', '245, 245, 245'),
(238, 'yellow', '255, 255, 0'),
(239, 'yellowgreen', '154, 205, 50');

--
-- Déchargement des données de la table `comp_etoile`
--

INSERT INTO `comp_etoile` (`id`, `title`, `description`, `slug`) VALUES
(12, 'TEST', 'jdbfamzjf', 'test'),
(13, 'TEST2', 'odahaozlazn', 'test2'),
(14, 'TEST 3', 'zkdlkzfkazdfùkazdvùmkazdvùkm', 'test-3'),
(15, 'Savoir compter', '1. de 1 à 10\r\n2. de 11 à 50\r\n3. Jusqu\'à 100\r\n4. Jusqu\'à 1000', 'savoir-compter'),
(16, 'Etre une pince', '1. Je paye\r\n2. On partage\r\n3. Tu payes\r\n4. Tu payes et tu me rémunères', 'etre-une-pince'),
(17, 'TABLEAU EXCEL', '1. Boutons\r\n2. Moins de boutons\r\n3. ça passe\r\n4. Facile', 'tableau-excel');

--
-- Déchargement des données de la table `doctrine_migration_versions`
--

INSERT INTO `doctrine_migration_versions` (`version`, `executed_at`, `execution_time`) VALUES
('DoctrineMigrations\\Version20200728143030', '2020-07-28 14:33:05', 170),
('DoctrineMigrations\\Version20200729111659', '2020-07-29 11:17:07', 98),
('DoctrineMigrations\\Version20200729114357', '2020-07-29 11:44:26', 192),
('DoctrineMigrations\\Version20200730132746', '2020-07-30 13:27:54', 252),
('DoctrineMigrations\\Version20200730134708', '2020-07-30 13:47:15', 117),
('DoctrineMigrations\\Version20200801130701', '2020-08-01 13:07:09', 213),
('DoctrineMigrations\\Version20200813142632', '2020-08-13 14:26:45', 286),
('DoctrineMigrations\\Version20200813142839', '2020-08-13 14:28:56', 170),
('DoctrineMigrations\\Version20200825112044', '2020-08-25 11:20:58', 203),
('DoctrineMigrations\\Version20200825113548', '2020-08-25 11:36:04', 163),
('DoctrineMigrations\\Version20200830165334', '2020-08-30 16:54:16', 310),
('DoctrineMigrations\\Version20200901191533', '2020-09-01 19:15:45', 360),
('DoctrineMigrations\\Version20200903124601', '2020-09-03 12:46:09', 402),
('DoctrineMigrations\\Version20200903150613', '2020-10-03 16:26:58', 37),
('DoctrineMigrations\\Version20200915112844', '2020-10-03 16:26:58', 39),
('DoctrineMigrations\\Version20200916140851', '2020-09-16 14:18:55', 247),
('DoctrineMigrations\\Version20200916144331', '2020-09-16 14:43:41', 191),
('DoctrineMigrations\\Version20200924114011', '2020-09-24 11:40:20', 762),
('DoctrineMigrations\\Version20200927063944', '2020-09-27 06:43:10', 104),
('DoctrineMigrations\\Version20201003144240', '2020-10-03 16:42:14', 177),
('DoctrineMigrations\\Version20201003173234', '2020-10-08 11:26:53', 34),
('DoctrineMigrations\\Version20201008112501', '2020-10-08 12:58:56', 222),
('DoctrineMigrations\\Version20201013125245', '2020-10-13 12:53:30', 214),
('DoctrineMigrations\\Version20201025082645', '2020-10-25 08:27:39', 200),
('DoctrineMigrations\\Version20201119130021', '2020-11-19 13:02:24', 193);

--
-- Déchargement des données de la table `etoile`
--

INSERT INTO `etoile` (`id`, `auteur_id`, `collaborateur_id`, `created_at`) VALUES
(9, 1094, 1107, '2020-11-16 13:11:57'),
(10, 1094, 1103, '2020-11-16 13:12:18'),
(11, 1111, 1111, '2020-11-20 16:04:06'),
(12, 1094, 1111, '2020-11-20 16:05:54');

--
-- Déchargement des données de la table `evaluation`
--

INSERT INTO `evaluation` (`id`, `auteur_id`, `collaborateur_id`, `created_at`) VALUES
(8, 1094, 1094, '2020-10-03 16:58:56'),
(10, 1094, 1198, '2020-10-06 12:33:04'),
(11, 1185, 1185, '2020-10-14 12:45:33'),
(20, 1098, 1174, '2020-11-15 14:55:13'),
(23, 1094, 1096, '2020-11-16 12:39:38'),
(24, 1094, 1253, '2020-11-16 12:40:52'),
(25, 1111, 1185, '2020-11-20 16:31:34'),
(26, 1094, 1206, '2020-11-22 17:26:35');

--
-- Déchargement des données de la table `mission`
--

INSERT INTO `mission` (`id`, `title`, `filiere`) VALUES
(1, 'Assistant(e) de Gestion du Personnel', 'Services Généraux'),
(2, 'Conseiller(e) de Vente LS', 'Commerce'),
(3, 'Hôte(sse) Service Client', 'Service Client'),
(4, 'Chef de Secteur', 'Commerce'),
(5, 'Conseiller(e) de Vente Projet', 'Commerce'),
(7, 'Employé(e) Logistique', 'Logistique'),
(8, 'Hôte(sse) SAV', 'Service Client'),
(9, 'Responsable Personnel et des Ressources Humaines', 'Services Généraux'),
(10, 'Responsable de Rayon', 'Logistique'),
(11, 'Technicien(ne) SAV', 'Service Client');

--
-- Déchargement des données de la table `mission_cible`
--

INSERT INTO `mission_cible` (`id`, `title`, `slug`) VALUES
(3, 'MISSION TEST', 'mission-test'),
(4, 'CGM', 'cgm');

--
-- Déchargement des données de la table `mission_cible_comp_etoile`
--

INSERT INTO `mission_cible_comp_etoile` (`mission_cible_id`, `comp_etoile_id`) VALUES
(3, 12),
(3, 13),
(3, 14),
(4, 15),
(4, 16),
(4, 17);

--
-- Déchargement des données de la table `pdi`
--

INSERT INTO `pdi` (`id`, `auteur_id`, `created_at`, `situation_apprenante`, `progres`, `contributeurs_roles`, `end_date`, `collaborateur_id`) VALUES
(3, 1094, '2020-11-15 16:31:52', 'Plein de choses', 'Beaucoup', 'Un max', '2020-11-28', 1252),
(4, 1094, '2020-11-22 17:10:56', 'Un peu Plus', 'A peu près', 'Seul', '2020-11-29', 1206),
(5, 1094, '2020-11-22 17:10:56', 'Et même encore', 'Voilà', 'Seul', '2020-11-30', 1206);

--
-- Déchargement des données de la table `rating`
--

INSERT INTO `rating` (`id`, `competences_id`, `evaluation_id`, `note`, `collaborateur_id`, `rayon_id`) VALUES
(34, 8, 8, 2, 1094, 21),
(35, 9, 8, 2, 1094, 21),
(36, 10, 8, 4, 1094, 21),
(37, 11, 8, 2, 1094, 21),
(38, 12, 8, 3, 1094, 21),
(39, 13, 8, 1, 1094, 21),
(40, 14, 8, 3, 1094, 21),
(41, 15, 8, 2, 1094, 21),
(42, 16, 8, 4, 1094, 21),
(49, 8, 10, 1, 1198, 12),
(50, 9, 10, 4, 1198, 12),
(51, 10, 10, 2, 1198, 12),
(52, 11, 10, 3, 1198, 12),
(53, 12, 10, 2, 1198, 12),
(54, 13, 10, 4, 1198, 12),
(55, 8, 11, 2, 1185, 11),
(56, 9, 11, 3, 1185, 11),
(57, 10, 11, 2, 1185, 11),
(58, 11, 11, 4, 1185, 11),
(59, 12, 11, 4, 1185, 11),
(60, 13, 11, 2, 1185, 11),
(108, 8, 20, 3, 1174, 2),
(109, 9, 20, 1, 1174, 2),
(110, 10, 20, 3, 1174, 2),
(111, 11, 20, 4, 1174, 2),
(112, 12, 20, 2, 1174, 2),
(113, 13, 20, 3, 1174, 2),
(127, 8, 23, 2, 1096, 12),
(128, 9, 23, 3, 1096, 12),
(129, 10, 23, 2, 1096, 12),
(130, 11, 23, 3, 1096, 12),
(131, 12, 23, 2, 1096, 12),
(132, 13, 23, 1, 1096, 12),
(133, 8, 24, 4, 1253, 1),
(134, 9, 24, 3, 1253, 1),
(135, 10, 24, 2, 1253, 1),
(136, 11, 24, 3, 1253, 1),
(137, 12, 24, 2, 1253, 1),
(138, 13, 24, 4, 1253, 1),
(139, 8, 25, 2, 1185, 11),
(140, 9, 25, 3, 1185, 11),
(141, 10, 25, 1, 1185, 11),
(142, 11, 25, 2, 1185, 11),
(143, 12, 25, 3, 1185, 11),
(144, 13, 25, 2, 1185, 11),
(146, 8, 26, 2, 1206, 2),
(147, 9, 26, 1, 1206, 2),
(155, 10, 26, 3, 1206, 2),
(156, 11, 26, 4, 1206, 2);

--
-- Déchargement des données de la table `rating_etoile`
--

INSERT INTO `rating_etoile` (`id`, `competences_id`, `etoile_id`, `note`, `collaborateur_id`) VALUES
(17, 12, 9, 2, 1107),
(18, 13, 9, 3, 1107),
(19, 14, 9, 2, 1107),
(20, 12, 10, 1, 1103),
(21, 13, 10, 2, 1103),
(22, 14, 10, 3, 1103),
(23, 15, 11, 4, 1111),
(24, 16, 11, 1, 1111),
(25, 17, 11, 2, 1111),
(26, 15, 12, 4, 1111),
(27, 16, 12, 1, 1111),
(28, 17, 12, 3, 1111);

--
-- Déchargement des données de la table `rayon`
--

INSERT INTO `rayon` (`id`, `secteur_id`, `title`, `numero`, `slug`, `color_id`) VALUES
(1, 1, 'Bâti', 1, 'bati', 68),
(2, 1, 'Jardin', 9, 'jardin', 176),
(3, 2, 'Menuiserie', 2, 'menuiserie', 91),
(4, 2, 'Service Pose', 76, 'service-pose', 47),
(5, 3, 'Cuisine/Rangement', 5, 'cuisine-rangement', 94),
(6, 3, 'Sanitaire', 7, 'sanitaire', 177),
(7, 4, 'Electricité/Plomberie', 3, 'electricite-plomberie', 96),
(8, 4, 'Confort', 8, 'confort', 225),
(9, 5, 'Outillage', 4, 'outillage', 239),
(10, 5, 'Quincaillerie', 10, 'quincaillerie', 193),
(11, 6, 'Sol', 6, 'sol', 96),
(12, 6, 'Peinture', 11, 'peinture', 3),
(14, 7, 'Eclairage', 13, 'eclairage', 102),
(15, 8, 'Réception', 51, 'reception', 49),
(16, 8, 'Délivrance', 71, 'delivrance', 186),
(17, 8, 'Efficacité Opérationnelle', 74, 'efficacite-operationnelle', 69),
(18, 9, 'Service Client', 52, 'service-client', 5),
(19, 9, 'PRM', 72, 'prm', 219),
(20, 9, 'SAV', 75, 'sav', 116),
(21, 10, 'RH', 54, 'rh', 46),
(22, 11, 'Comptabilité', 53, 'comptabilite', 65),
(23, 11, 'Services Généraux', 54, 'services-generaux', 11),
(24, 7, 'Décoration', 12, 'decoration', 151),
(25, 12, '1', 100, '1', 57),
(26, 12, '2', 101, '2', 171);

--
-- Déchargement des données de la table `role`
--

INSERT INTO `role` (`id`, `title`) VALUES
(28, 'ROLE_ADMIN'),
(29, 'ROLE_MANAGER');

--
-- Déchargement des données de la table `role_collaborateur`
--

INSERT INTO `role_collaborateur` (`role_id`, `collaborateur_id`) VALUES
(28, 1094),
(28, 1111),
(29, 1098),
(29, 1111),
(29, 1114),
(29, 1133),
(29, 1150),
(29, 1156),
(29, 1177),
(29, 1183),
(29, 1184);

--
-- Déchargement des données de la table `secteur`
--

INSERT INTO `secteur` (`id`, `title`, `slug`, `responsable_id`) VALUES
(1, 'CONSTRUCTION', 'construction', 1098),
(2, 'PROJET', 'projet', 1114),
(3, 'PROJET RENOVATION', 'projet-renovation', 1119),
(4, 'ELECTRICITE PLOMBERIE CONFORT', 'elecr-plomb-confort', 1183),
(5, 'DEPANNAGE', 'depannage', 1177),
(6, 'DECORATION SURFACES', 'decoration-surfaces', 1184),
(7, 'DECORATION', 'decoration', 1156),
(8, 'LOGISTIQUE', 'logistique', 1150),
(9, 'SERVICE CLIENT', 'service-client', 1158),
(10, 'RH', 'rh', 1111),
(11, 'SERVICES GENERAUX', 'services-generaux', 1133),
(12, 'TEST', 'test', 1098);

--
-- Déchargement des données de la table `skill`
--

INSERT INTO `skill` (`id`, `title`, `description`, `slug`, `category_id`) VALUES
(8, 'TEST1', 'jandandakndkknakn', 'test1', 1),
(9, 'TEST2', 'sda^kozd^kezj^ke', 'test2', 1),
(10, 'TEST3', 'kldnfkzafkazfkazf', 'test3', 1),
(11, 'TEST4', 'jajcjmazdcmazdc', 'test4', 2),
(12, 'TEST5', 'hdazhdan', 'test5', 2),
(13, 'TEST6', 'ldncalkzdnmlazdnc', 'test6', 2),
(14, 'TEST7', 'jbdpjzecjzc', 'test7', 3),
(15, 'TEST8', 'klhoazkfman', 'test8', 3),
(16, 'TEST9', 'jefhojaefajzef', 'test9', 3),
(17, 'TEST10', 'kjdalzkndmlazknf', 'test10', 4),
(18, 'TEST11', 'kjzdjazvjavdv', 'test11', 4),
(19, 'TEST12', 'jzdncjacjaznc', 'test12', 4);

--
-- Déchargement des données de la table `skill_mission`
--

INSERT INTO `skill_mission` (`skill_id`, `mission_id`) VALUES
(8, 1),
(8, 2),
(8, 3),
(8, 4),
(8, 5),
(8, 7),
(8, 8),
(8, 9),
(8, 10),
(8, 11),
(9, 1),
(9, 2),
(9, 3),
(9, 4),
(9, 5),
(9, 7),
(9, 8),
(9, 9),
(9, 10),
(9, 11),
(10, 1),
(10, 2),
(10, 3),
(10, 4),
(10, 5),
(10, 7),
(10, 8),
(10, 9),
(10, 10),
(10, 11),
(11, 1),
(11, 2),
(11, 3),
(11, 4),
(11, 5),
(11, 7),
(12, 1),
(12, 2),
(12, 3),
(12, 4),
(12, 5),
(12, 7),
(13, 1),
(13, 2),
(13, 3),
(13, 4),
(13, 5),
(13, 7),
(14, 1),
(15, 1),
(16, 1),
(17, 4),
(18, 4),
(19, 4);
